acceleration,uncertainty,relative_error
0.194927247921498,0.0004,0.21
0.410518477208423,0.001,0.24
0.97438580408887,0.003,0.31
1.27468502461697,0.004,0.31
1.53016659494677,0.006,0.39
