force,uncertainty,relative_error
0.0946099666079732,0.0011814317887439,1.24873925137221
0.188540788977655,0.00221721808798334,1.17598854868806
0.264327145167538,0.00326483915091036,1.2351509145385
0.34254715571089,0.00436485541581586,1.27423490256617
0.413987860256965,0.00544943572802776,1.31632742193099
